PMID,Journal,Year,Month,Day,Title,Publication Type,Authors,Abstract,s1,s2,s3,r1,r2,r3
34853656,Oncotarget,2021,Nov,23,"CCL20 induces colorectal cancer neoplastic epithelial cell proliferation, migration, and further CCL20 production through autocrine HGF-c-Met and MSP-MSPR signaling pathways.",Journal Article,"Bisweswar Nandi, Jonathan Pastrana Del Valle, Mehmet K Samur, Allison J Gibbons, Rao H Prabhala, Nikhil C Munshi, Jason S Gold","CCL20-CCR6 interactions promote colorectal cancer through direct effects on neoplastic epithelial cells and through modulating the tumor microenvironment. The mechanism of these effects on neoplastic epithelial cells is poorly understood. This study demonstrates that CCL20 induces secretion of hepatocyte growth factor (HGF) and phosphorylation of HGF's cognate receptor c-Met in HT29 and HCT116 colorectal cancer cell lines both in concentration- and time-dependent manners. Similar to CCL20, HGF induces migration, autofeedback CCL20 secretion, and ERK1/2 phosphorylation in the colon cancer cells. CCL20-dependent ERK1/2 phosphorylation is blocked by HGF inhibition, and CCL20-dependent migration and CCL20 secretion are blocked by inhibition of HGF or ERK. Interestingly, unlike CCL20, HGF does not induce proliferation of colon cancer cells, and CCL20-dependent cell proliferation is not blocked by direct HGF inhibition. CCL20-dependent proliferation, however, is blocked by the multi-tyrosine kinase inhibitor crizotinib. Exploring this effect, it was found that CCL20 also induces production of MSP and phosphorylation of MSP's receptor MSPR by the colorectal cancer cells. CCL20-dependent cell proliferation is inhibited by directly blocking MSP-MSPR interactions. Thus, CCL20-mediated migration and CCL20 secretion are regulated through a pathway involving HGF, c-Met, and ERK, while CCL20-mediated proliferation is instead regulated through MSP and its receptor MSPR.",1,-1,1,The study focuses on colorectal cancer cell lines (HT29 and HCT116).,The study does not examine the use or sensitivity of Crizotinib as a main treatment; it only mentions its inhibitory effect on CCL20-dependent proliferation.,"The study describes the effect of Crizotinib treatment, specifically its inhibition of CCL20-dependent proliferation in colorectal cancer cells."
37418240,ACS applied materials & interfaces,2023,Jul,19,Albumin-Based Cyanine Crizotinib Conjugate Nanoparticles for NIR-II Imaging-Guided Synergistic Chemophototherapy.,Journal Article,"Zhuang Hu, Ruihan Li, Xinyue Cui, Zilin Chen","Colorectal cancer (CRC) is presently the third deadliest cancer in the world. This malignant cancer usually precedes the progression of precancerous lesions, and it is challenging to distinguish its nuanced morphological changes. Molecular-based near-infrared-II (NIR-II) fluorescence imaging can effectively recognize lesion targets to improve image contrast and increase early tumor detection compared with traditional wide-light screening endoscopy. c-Met has been determined to be overexpressed in advanced stages of CRC and is considered to be a potent tumor biomarker. Herein, based on the well-targeted inhibitory effect of Crizotinib on c-Met positive tumor cells, the dye IR808 was covalently combined with the drug molecule Crizotinib, resulting in the synthesis of a NIR fluorescent probe Crizotinib-IR808 targeting c-Met positive tumor cells. Then, water-insoluble Crizotinib-IR808 was fabricated by using bovine serum albumin (BSA) nanoparticles (NPs) with excellent biocompatibility and biosafety. The prepared Crizotinib-IR808@BSA NPs showed tumor targeting capability as well as use for noninvasive biomedical vascular NIR-II imaging with intraoperative real-time NIR-II imaging to guide tumor resection. Under 808 nm laser irradiation, Crizotinib-IR808@BSA NPs exhibited synergistic chemophototherapy effects on tumors. In conclusion, this innovative imaging-mediated multifunctional combination therapy strategy with good c-Met targeting ability may provide a new approach for colorectal cancer treatment.",1,-1,0,The paper explicitly mentions colorectal cancer (CRC) as the focus of the study.,"The study does not examine the use or sensitivity of Crizotinib as a main treatment; it describes Crizotinib as part of a conjugate nanoparticle for imaging and therapy, not as a standalone treatment.","The paper describes the effect of Crizotinib-IR808@BSA NPs in combination with laser irradiation, but does not provide specific clinical outcomes or effects of Crizotinib treatment alone."
40369167,Cell death and differentiation,2025,Nov,,"ARID1A loss enhances sensitivity to c-MET inhibition by dual targeting of GPX4 and iron homeostasis, inducing ferroptosis.",Journal Article,"Xu Zhang, Zihuan Wang, Yilin He, Kejin Wang, Cheng Xiang, Yongfeng Liu, Yijiang Song, Aimin Li, Zhen Wang, Yingnan Yu, Wenxuan Peng, Side Liu, Joong Sup Shim, Changjie Wu","ARID1A, a subunit of the SWI/SNF chromatin-remodeling complex, functions as a tumor suppressor in various cancer types. Owing to its high frequency of inactivating mutations, ARID1A has emerged as a promising target for the development of anticancer drugs. In this study, we report that ARID1A-deficient colorectal cancer (CRC) cells induce synthetic lethality when treated with inhibitors of c-MET receptor tyrosine kinase. c-MET specific inhibitor PHA-665752 as well as two other FDA-approved drugs, crizotinib and cabozantinib, selectively inhibited the growth of ARID1A-deficient CRC cells in vitro and in xenograft tumor models. Mechanistically, we identified a tripartite functional association among ARID1A, c-MET, and NRF2, where ARID1A and c-MET pathways converge on the NRF2 transcription factor, which regulates the transcription of GPX4, a key regulator of ferroptosis. ARID1A inactivation reduces c-MET expression, decreasing NRF2 nuclear localization and its binding to the GPX4 promoter, resulting in reduced GPX4 transcription. This creates a cellular dependency on the residual c-MET for minimal GPX4 expression to survive the ferroptotic cell death. Additionally, we demonstrate that ARID1A loss leads to increased intracellular labile iron accumulation by downregulating the iron-exporting protein SLC40A1, thereby increasing cellular susceptibility to ferroptosis. Inhibition of c-MET in ARID1A-deficient CRC cells diminishes GPX4 expression, resulting in elevated lipid peroxidation and glutathione depletion, ultimately inducing ferroptosis. This study reveals a novel synthetic lethal relationship between ARID1A and c-MET signaling in promoting ferroptosis and proposes c-MET inhibitors as a potential therapeutic strategy for ARID1A-deficient CRC.",1,1,1,The study explicitly mentions 'colorectal cancer' as the cancer type being investigated.,The study examines the use of 'Crizotinib' as a treatment for ARID1A-deficient colorectal cancer cells.,"The study describes the effect of 'Crizotinib' treatment, including its selective inhibition of ARID1A-deficient CRC cell growth and its role in inducing ferroptosis."
33414136,Clinical cancer research : an official journal of the American Association for Cancer Research,2021,Mar,15,Molecular Characterization and Therapeutic Targeting of Colorectal Cancers Harboring Receptor Tyrosine Kinase Fusions.,"Journal Article, Research Support, N.I.H., Extramural, Research Support, Non-U.S. Gov't","Harshabad Singh, Yvonne Y Li, Liam F Spurr, Atul B Shinagare, Ritika Abhyankar, Emma Reilly, Lauren K Brais, Anwesha Nag, Matthew D Ducar, Aaron R Thorner, Geoffrey I Shapiro, Rachel B Keller, Cheta Siletti, Jeffrey W Clark, Anna F Farago, Jessica J Lin, George D Demetri, Rahul Gujrathi, Matthew H Kulke, Laura E MacConaill, Azra H Ligon, Ewa Sicinska, Matthew L Meyerson, Jeffrey A Meyerhardt, Andrew D Cherniack, Brian M Wolpin, Kimmie Ng, Marios Giannakis, Jason L Hornick, James M Cleary","Receptor tyrosine kinase fusions in colorectal cancers are rare, but potentially therapeutically relevant. We describe clinical, molecular, and pathologic attributes of RTK fusion-associated colorectal cancer.
We identified all cases with RTK fusions in patients with colorectal cancer seen at Dana-Farber Cancer Institute (Boston, MA) who underwent OncoPanel testing between 2013 and 2018. Clinical, histologic, and molecular features were extracted from the patient charts and molecular testing results.
We identified 12 driver oncogenic fusions in various RTKs. These fusions occurred exclusively in
RTK fusions in colorectal cancer are a rare, but important disease subgroup that occurs in",1,-1,0,The paper explicitly mentions patients with colorectal cancer.,The paper does not mention the use or sensitivity of Crizotinib as a treatment.,The paper does not describe the effect of Crizotinib treatment.
34036227,JCO precision oncology,2021,,,"Clinical Responses to Crizotinib, Alectinib, and Lorlatinib in a Metastatic Colorectal Carcinoma Patient With ALK Gene Rearrangement: A Case Report.","Case Reports, Journal Article","Xi He, Xiao-Dong Jiao, Ke Liu, Bao-Dong Qin, Ying Wu, Yan Ling, Jun Liu, A-Qiao Xu, Kun Song, Yuan-Sheng Zang",,1,1,1,"The paper explicitly mentions a metastatic colorectal carcinoma patient, satisfying the criterion for 'Colorectal cancer'.","The paper discusses the use of Crizotinib as one of the treatments in a patient with ALK gene rearrangement, indicating its examination as a main treatment.","The paper describes the clinical response to Crizotinib treatment in the patient, thereby detailing its effect."
29803964,Computational biology and chemistry,2018,Aug,,In silico-in vitro discovery of untargeted kinase-inhibitor interactions from kinase-targeted therapies: A case study on the cancer MAPK signaling pathway.,Journal Article,"Li Meng, Zhijun Huang","Protein kinase inhibitors have been widely used as therapeutic agents to treat a variety of diseases, but many of them may cause off-target effects by unexpectedly targeting other noncognate kinases due to high conversion across the protein kinase family. The mitogen-activated protein kinase (MAPK) signaling pathway plays an essential role in tumorigenesis, which has been recognized as a high priority in the druggable target candidates of anticancer therapy. Here, we attempt to investigate the untargeted kinase-inhibitor interactions (UKIIs) of kinase-targeted therapies for the cancer MAPK signaling cascade via an integration of biomolecular modeling, cell viability assay and kinase inhibition analysis. A systematic kinase-inhibitor interaction profile is created for 28 FDA-approved kinase inhibitor drugs across 9 caner-related MAPK kinases. The created profile is analyzed at structural, energetic and dynamic levels and, consequently, totally 18 promising UKII pairs with high theoretical affinity are derived, from which the noncognate inhibitors Cabozantinib, Regorafenib and Crizotinib are selected to test their cytotoxic effects on human epithelial colorectal adenocarcinoma Caco-2 cell line and inhibition activity against the recombinant protein of human p38α kinase domain. The obtained results are compared with two cognate MAPK inhibitors JNK-IN-8 and BIRB796. As might be expected, the Regorafenib, Crizotinib and Cabozantinib exhibit high, moderate and low cytotoxicities, respectively. In addition, the Regorafenib is determined to have a potent p38α-inhibitory activity. This is basically in line with the test results of positive controls JNK-IN-8 and BIRB796 and can be well confirmed by computational modeling.",-1,1,1,The study does not focus on patients with colorectal cancer; it uses a cell line (Caco-2) for in vitro testing.,"The study examines the use of Crizotinib, specifically its cytotoxic effects on a colorectal cancer cell line.","The study describes the effect of Crizotinib treatment, including its cytotoxicity and inhibition activity against p38α kinase."
26995877,Rinsho byori. The Japanese journal of clinical pathology,2015,Nov,,[Companion Diagnostics for Solid Tumors].,"Journal Article, Review",Atsushi Watanabe,"Companion diagnostics (CoDx) will likely continue to rapidly increase in number and application to disease areas including solid tumors, for example EGFR for gefitinib and ALK fusion gene for crizotinib in non-small-cell lung cancer; KRAS against the use of cetuximab and panitumumab in colorectal cancer; HER2 for trastuzumab in breast cancer. CoDx are an indispensable part of personalized medicine and pharmacogenomics. In CoDx development, there are still many challenges, such as the business model promoting cooperation between diagnostics and pharmaceutical companies, and also the regulations related to CoDx. The FDA notice on the development of CoDx in 2011 recommended the co-development of a new drug and CoDx as the best practice, and the Ministry of Health, Labour and Welfare in Japan also issued a statement in 2013. In addition, the recent discovery of many novel variants in the DNA sequence, advances in sequencing and genomic technology, and improved analytic methods have enabled the impact of germline and somatic mutations to be determined using multiplex diagnosis. The complex challenges to develop CoDx necessitate a close collaboration among academic institutions, regulatory authorities, and pharmaceutical companies. [Review].",1,-1,0,The paper mentions colorectal cancer in the context of companion diagnostics for cetuximab and panitumumab.,The paper does not examine the use or sensitivity of crizotinib as a main treatment.,The paper does not describe the effect of crizotinib treatment.
35343863,Expert opinion on therapeutic patents,2022,Jun,,An updated patent review of small-molecule ROS1 kinase inhibitors (2015-2021).,"Journal Article, Review","Meng Liu, Jintian Dai, Mudan Wei, Qingshan Pan, Wufu Zhu","C-ros oncogene 1 (ROS1) is the sole member of the ROS1 receptor tyrosine kinase (ROS1-RTK) family, which is involved in the formation of non-small cell lung cancer (NSCLC), gastric adenocarcinoma, colorectal cancer, and other malignant tumors. At present, only crizotinib was approved for the treatment of advanced ROS1-positive NSCLC, and there have been reports of ROS1 mutations resulting in drug resistance. Consequently, it is necessary to develop new generations of inhibitors to overcome the existing problems.
This review summarizes the inhibitors with ROS1 inhibitory activity which are undergoing clinical trials and recent advances in patented ROS1 small molecular inhibitors from 2015 to 2021.
ROS1 rearrangements have been found in approximately 1%-2% of patients with NSCLC. Since the approval of crizotinib as multi-targeted ALK/MET/ROS1 kinase inhibitor for ALK-mutated NSCLC therapy, the researchers are focusing on ROS1-mutated tumors, especially NSCLC. However, drug-resistant mutations have already been found in clinical application. Therefore, it is still urgent to develop new generation of ROS1 inhibitors.",1,1,0,"The paper mentions that ROS1 rearrangements are found in colorectal cancer, indicating a focus on this patient population.","The paper discusses crizotinib as a treatment for ROS1-positive cancers, including its use in NSCLC and its potential relevance to colorectal cancer.","The paper does not provide specific details on the effect of crizotinib treatment in colorectal cancer patients, only general mentions of its use and resistance issues."
34230141,Anticancer research,2021,Jul,,PrPC Regulates the Cancer Stem Cell Properties,Journal Article,"Ji Ho Lim, Gyeongyun Go, Sang Hun Lee","Studies have reported that the expression of c-Met and PrP
Magnetic activated cell sorting was used to examine the interaction between c-Met and PrP
We demonstrated the increased expression and binding levels of c-Met and PrP
c-Met and PrP",-1,-1,-1,The study does not mention 'Colorectal cancer' or any specific patient population.,The study does not examine the use or sensitivity of 'Crizotinib' as a treatment.,The study does not describe the effect of 'Crizotinib' treatment.
28320945,Proceedings of the National Academy of Sciences of the United States of America,2017,Apr,04,Three-dimensional culture system identifies a new mode of cetuximab resistance and disease-relevant genes in colorectal cancer.,"Journal Article, Research Support, N.I.H., Extramural, Research Support, Non-U.S. Gov't","Cunxi Li, Bhuminder Singh, Ramona Graves-Deal, Haiting Ma, Alina Starchenko, William H Fry, Yuanyuan Lu, Yang Wang, Galina Bogatcheva, Mohseen P Khan, Ginger L Milne, Shilin Zhao, Gregory Daniel Ayers, Nenggan Li, Huaying Hu, Mary Kay Washington, Timothy J Yeatman, Oliver G McDonald, Qi Liu, Robert J Coffey","We previously reported that single cells from a human colorectal cancer (CRC) cell line (HCA-7) formed either hollow single-layered polarized cysts or solid spiky masses when plated in 3D in type-I collagen. To begin in-depth analyses into whether clonal cysts and spiky masses possessed divergent properties, individual colonies of each morphology were isolated and expanded. The lines thus derived faithfully retained their parental cystic and spiky morphologies and were termed CC (cystic) and SC (spiky), respectively. Although both CC and SC expressed EGF receptor (EGFR), the EGFR-neutralizing monoclonal antibody, cetuximab, strongly inhibited growth of CC, whereas SC was resistant to growth inhibition, and this was coupled to increased tyrosine phosphorylation of MET and RON. Addition of the dual MET/RON tyrosine kinase inhibitor, crizotinib, restored cetuximab sensitivity in SC. To further characterize these two lines, we performed comprehensive genomic and transcriptomic analysis of CC and SC in 3D. One of the most up-regulated genes in CC was the tumor suppressor",1,1,1,"The study focuses on colorectal cancer, as it mentions 'human colorectal cancer (CRC) cell line (HCA-7)'","The study examines the use of crizotinib, as it mentions 'crizotinib, restored cetuximab sensitivity in SC'","The study describes the effect of crizotinib treatment, as it states 'addition of the dual MET/RON tyrosine kinase inhibitor, crizotinib, restored cetuximab sensitivity in SC'"
33676682,Talanta,2021,May,01,Detection of colorectal cancer using a small molecular fluorescent probe targeted against c-Met.,Journal Article,"Ji Tao, Yuanbiao Tu, Peifei Liu, Yongjia Tang, Fang Wang, Zhaolun Li, Chang Li, Yi Li, Yi Ma, Yueqing Gu","Colorectal cancer (CRC), a highly heterogeneous genetic disease, is currently the second leading cause of cancer-related deaths worldwide. This malignant cancer is typically preceded by the development of precancerous lesions, which are challenging to distinguish their subtle morphologic changes. Molecular-based fluorescence imaging can effectively identify lesion targets to enhance image contrast and improve the detection of early neoplasia comparing to conventional wide-light screening endoscopy. C-Met has been identified as overexpressed in CRC advanced stage and has been suggested as a validated potential theranostic target. Herein, we developed a new small molecular fluorescence probe, namely Crizotinib-PEG",1,-1,0,The paper explicitly mentions colorectal cancer (CRC) as the focus of the study.,The study does not examine the use or sensitivity of Crizotinib as a treatment; it discusses Crizotinib as a component of a fluorescent probe for imaging purposes.,The paper does not describe the effect of Crizotinib treatment on patients or its therapeutic outcomes.
28465216,Pharmacological research,2017,Jul,,ROS1 protein-tyrosine kinase inhibitors in the treatment of ROS1 fusion protein-driven non-small cell lung cancers.,"Journal Article, Review",Robert Roskoski,"ROS1 protein-tyrosine kinase fusion proteins are expressed in 1-2% of non-small cell lung cancers. The ROS1 fusion partners include CD74, CCDC6, EZR, FIG, KDELR2, LRIG3, MSN, SDC4, SLC34A2, TMEM106B, TMP3, and TPD52L1. Physiological ROS1 is closely related to the ALK, LTK, and insulin receptor protein-tyrosine kinases. ROS1 is a so-called orphan receptor because the identity of its activating ligand, if any, is unknown. The receptor is expressed during development, but little is expressed in adults and its physiological function is unknown. The human ROS1 gene encodes 2347 amino acid residues and ROS1 is the largest protein-tyrosine kinase receptor protein. Unlike the ALK fusion proteins that are activated by the dimerization induced by their amino-terminal portions, the amino-terminal domains of several of its fusion proteins including CD74 apparently lack the ability to induce dimerization so that the mechanism of constitutive protein kinase activation is unknown. Downstream signaling from the ROS1 fusion protein leads to the activation of the Ras/Raf/MEK/ERK1/2 cell proliferation module, the phosphatidyl inositol 3-kinase cell survival pathway, and the Vav3 cell migration pathway. Moreover, several of the ROS1 fusion proteins are implicated in the pathogenesis of a very small proportion of other cancers including glioblastoma, angiosarcoma, and cholangiocarcinoma as well as ovarian, gastric, and colorectal carcinomas. The occurrence of oncogenic ROS1 fusion proteins, particularly in non-small cell lung cancer, has fostered considerable interest in the development of ROS1 inhibitors. Although the percentage of lung cancers driven by ROS1 fusion proteins is low, owing to the large number of new cases of non-small cell lung cancer per year, the number of new cases of ROS1-positive lung cancers is significant and ranges from 2000 to 4000 per year in the United States and 10,000-15,000 worldwide. Crizotinib was the first inhibitor approved by the US Food and Drug Administration for the treatment of ROS1-positive non-small cell lung cancer in 2016. Other drugs that are in clinical trials for the treatment of these lung cancers include ceritinib, cabozantinib, entrectinib, and lorlatinib. Crizotinib forms a complex within the front cleft between the small and large lobes of an active ROS1 protein-kinase domain and it is classified as type I inhibitor.",-1,1,0,"The paper focuses on patients with non-small cell lung cancer, not colorectal cancer.",The paper discusses the use of Crizotinib in the treatment of ROS1-positive non-small cell lung cancer.,"The paper describes the mechanism of action and approval of Crizotinib, but does not provide specific clinical outcomes or effects of treatment with Crizotinib."
38212428,Cellular and molecular life sciences : CMLS,2024,Jan,12,Inhibition of autocrine HGF maturation overcomes cetuximab resistance in colorectal cancer.,Journal Article,"Vivian Truong Jones, Ramona Graves-Deal, Zheng Cao, Galina Bogatcheva, Marisol A Ramirez, Sarah J Harmych, James N Higginbotham, Vineeta Sharma, Vishnu C Damalanka, Claudia C Wahoski, Neeraj Joshi, Maria Johnson Irudayam, Joseph T Roland, Gregory D Ayers, Qi Liu, Robert J Coffey, James W Janetka, Bhuminder Singh","Although amplifications and mutations in receptor tyrosine kinases (RTKs) act as bona fide oncogenes, in most cancers, RTKs maintain moderate expression and remain wild-type. Consequently, cognate ligands control many facets of tumorigenesis, including resistance to anti-RTK therapies. Herein, we show that the ligands for the RTKs MET and RON, HGF and HGFL, respectively, are synthesized as inactive precursors that are activated by cellular proteases. Our newly generated HGF/HGFL protease inhibitors could overcome both de novo and acquired cetuximab resistance in colorectal cancer (CRC). Conversely, HGF overexpression was necessary and sufficient to induce cetuximab resistance and loss of polarity. Moreover, HGF-induced cetuximab resistance could be overcome by the downstream MET inhibitor, crizotinib, and upstream protease inhibitors. Additionally, HAI-1, an endogenous inhibitor of HGF proteases, (i) was downregulated in CRC, (ii) exhibited increased genomic methylation that correlated with poor prognosis, (iii) HAI-1 expression correlated with cetuximab response in a panel of cancer cell lines, and (iv) exogenous addition of recombinant HAI-1 overcame cetuximab resistance in CC-HGF cells. Thus, we describe a targetable, autocrine HAI-1/Protease/HGF/MET axis in cetuximab resistance in CRC.",1,1,1,The paper explicitly mentions colorectal cancer (CRC) as the patient population.,The study examines the use of crizotinib as a downstream MET inhibitor to overcome cetuximab resistance.,The paper describes the effect of crizotinib treatment in overcoming HGF-induced cetuximab resistance in CRC.
40140597,BJC reports,2025,Mar,26,A phase Ia study of the MEK1/2 inhibitor PD-0325901 with the c-MET inhibitor crizotinib in patients with advanced solid cancers.,Journal Article,"Peter Gallagher, Christian Rolfo, Elena Elez, Julien Taieb, Jennifer Houlden, Linda Collins, Corran Roberts, Thierry André, Mark Lawler, Federica Di Nicolantonio, Margaret Grayson, Ruth Boyd, Vlad Popovici, Alberto Bardelli, Robbie Carson, Hajrah Khawaja, Pierre Laurent-Puig, Manuel Salto-Tellez, Bryan T Hennessy, Tim S Maughan, Josep Tabernero, Richard Adams, Robert Jones, Marc Peeters, Mark R Middleton, Richard H Wilson, Sandra Van Schaeybroeck,  ","Single-agent MEK1/2 inhibition has been disappointing in clinical trials targeting RAS mutant (MT) cancers, probably due to upstream receptor activation, resulting in resistance. We previously found that dual c-MET/MEK1/2 inhibition attenuated RASMT colorectal cancer (CRC) xenograft growth. In this study, we assessed safety of MEK1/2 inhibitor PD-0325901 with c-MET inhibitor crizotinib and determined the optimal biological doses for subsequent clinical trials.
In this dose-escalation phase I trial, patients with advanced solid tumours received PD-0325901 with crizotinib, using a rolling-6 design to determine the maximum tolerable dose (MTD) and safety/tolerability. Blood samples for pharmacokinetics and skin biopsies were collected.
Twenty-five patients were recruited in 4 cohorts up to doses of crizotinib 200 mg B.D continuously with PD-0325901 8 mg B.D, days 1-21 every 28 days. One in six patients exhibited a dose-limiting toxicity at this dose level. Drug-related adverse events were in keeping with single-agent toxicity profiles. The best clinical response was stable disease in seven patients (29%).
PD-0325901/crizotinib can be given together at pharmacologically-active doses. The MTD for PD-0325901/crizotinib was 8 mg B.D (days 1-21) and 200 mg B.D continuously in a 28-days cycle. The combination was further explored with an alternate MEK1/2 inhibitor in RASMT CRC patients.
2014-000463-40.",1,1,1,The study mentions RAS mutant colorectal cancer (CRC) xenografts and includes RASMT CRC patients in the subsequent exploration of the combination therapy.,"The study examines the use of Crizotinib in combination with PD-0325901 in patients with advanced solid tumours, including RASMT CRC patients.","The study describes the administration of Crizotinib at specific doses and its combination with PD-0325901, including safety and tolerability data."
28183697,Cancer discovery,2017,Apr,,"Safety and Antitumor Activity of the Multitargeted Pan-TRK, ROS1, and ALK Inhibitor Entrectinib: Combined Results from Two Phase I Trials (ALKA-372-001 and STARTRK-1).","Clinical Trial, Phase II, Journal Article","Alexander Drilon, Salvatore Siena, Sai-Hong Ignatius Ou, Manish Patel, Myung Ju Ahn, Jeeyun Lee, Todd M Bauer, Anna F Farago, Jennifer J Wheler, Stephen V Liu, Robert Doebele, Laura Giannetta, Giulio Cerea, Giovanna Marrapese, Michele Schirru, Alessio Amatu, Katia Bencardino, Laura Palmeri, Andrea Sartore-Bianchi, Angelo Vanzulli, Sara Cresta, Silvia Damian, Matteo Duca, Elena Ardini, Gang Li, Jason Christiansen, Karey Kowalski, Ann D Johnson, Rupal Patel, David Luo, Edna Chow-Maneval, Zachary Hornby, Pratik S Multani, Alice T Shaw, Filippo G De Braud","Entrectinib, a potent oral inhibitor of the tyrosine kinases TRKA/B/C, ROS1, and ALK, was evaluated in two phase I studies in patients with advanced or metastatic solid tumors, including patients with active central nervous system (CNS) disease. Here, we summarize the overall safety and report the antitumor activity of entrectinib in a cohort of patients with tumors harboring",-1,-1,0,"The study focuses on patients with advanced or metastatic solid tumors, but it does not specifically mention colorectal cancer.","The study examines entrectinib, not crizotinib, as the intervention.",The paper does not describe the effect of crizotinib treatment as it is not the drug being studied.
40526090,Oncotarget,2025,Jun,17,Case Report WIN-MTB-2023001 WIN International Molecular Tumor Board A 62-year-old male with metastatic colorectal cancer with 5 prior lines of treatment.,"Journal Article, Case Reports","Alberto Hernando-Calvo, Razelle Kurzrock, Nadia Saoudi Gonzalez, Shai Magidi, Catherine Bresson, Fanny Wunder, Giulia Pretelli, Agatha Martin Casado, Wafik S El-Deiry",Heavily pretreated metastatic colorectal cancer (mCRC) poses significant therapeutic challenges. Advances in molecular profiling enables personalized strategies. We present a 62-year-old male with mCRC harboring,1,0,0,"The paper describes a patient with metastatic colorectal cancer, which aligns with the P (Patient) criterion.",The paper mentions Crizotinib in the context of molecular profiling but does not explicitly state that it was used as a main treatment.,The paper does not provide specific information on the effect of Crizotinib treatment in this patient.
29466887,Expert review of pharmacoeconomics & outcomes research,2018,Jun,,Access to anti-cancer drugs in India: is there a need to revise reimbursement policies?,Journal Article,"Gertruud Haitsma, Himanshu Patel, Parthasarathi Gurumurthy, Maarten J Postma","The aim of this study was to examine the access of Indian cancer patients to optimum cancer care under selected government schemes by reviewing reimbursement schemes for cancer care in India.
All cancer care reimbursement schemes in India were identified and three highly utilized schemes (VAS, RAS, CMCHS) were selected. Quality of breast, colorectal, lung, head & neck, and gastric cancer care was reviewed with respect to NCCN guidelines. Direct medical costs and shortage of budget in reimbursed amounts were calculated for each listed chemotherapy regimen.
Medical oncology practice following the schemes' formularies is inferior to recommendations by the NCCN guidelines. Innovative treatment (targeted therapies) like trastuzumab, pertuzumab (breast), bevacizumab, cetuximab, panitumumab (colorectal), erlotinib, gefitinib, crizotinib, and nivolumab (lung) are either not reimbursed (VAS, CMCHS) or partially reimbursed (RAS). Average shortage of budget was found to be 43% (breast), 55% (colorectal), 74% (lung), 7% (head & neck), and 51% (gastric cancer).
Policy makers should consider addition of newer treatments, exclusion of sub-optimal treatments, increments in per patient budget and optimization of supportive care, which may contribute to improvements in survival and quality of life for Indian cancer patients.",1,1,-1,The study explicitly mentions colorectal cancer as one of the cancer types reviewed.,The study mentions crizotinib as one of the innovative treatments not reimbursed under certain schemes.,"The study does not describe the effect of crizotinib treatment on patients, only its reimbursement status."
31399568,Nature communications,2019,Aug,09,The new-generation selective ROS1/NTRK inhibitor DS-6051b overcomes crizotinib resistant ROS1-G2032R mutation in preclinical models.,"Journal Article, Research Support, Non-U.S. Gov't","Ryohei Katayama, Bo Gong, Noriko Togashi, Masaya Miyamoto, Masaki Kiga, Shiho Iwasaki, Yasuki Kamai, Yuichi Tominaga, Yasuyuki Takeda, Yoshiko Kagoshima, Yuki Shimizu, Yosuke Seto, Tomoko Oh-Hara, Sumie Koike, Naoki Nakao, Hiroyuki Hanzawa, Kengo Watanabe, Satoshi Yoda, Noriko Yanagitani, Aaron N Hata, Alice T Shaw, Makoto Nishio, Naoya Fujita, Takeshi Isoyama","ROS1 gene rearrangement was observed in around 1-2 % of NSCLC patients and in several other cancers such as cholangiocarcinoma, glioblastoma, or colorectal cancer. Crizotinib, an ALK/ROS1/MET inhibitor, is highly effective against ROS1-rearranged lung cancer and is used in clinic. However, crizotinib resistance is an emerging issue, and several resistance mechanisms, such as secondary kinase-domain mutations (e.g., ROS1-G2032R) have been identified in crizotinib-refractory patients. Here we characterize a new selective ROS1/NTRK inhibitor, DS-6051b, in preclinical models of ROS1- or NTRK-rearranged cancers. DS-6051b induces dramatic growth inhibition of both wild type and G2032R mutant ROS1-rearranged cancers or NTRK-rearranged cancers in vitro and in vivo. Here we report that DS-6051b is effective in treating ROS1- or NTRK-rearranged cancer in preclinical models, including crizotinib-resistant ROS1 positive cancer with secondary kinase domain mutations especially G2032R mutation which is highly resistant to crizotinib as well as lorlatinib and entrectinib, next generation ROS1 inhibitors.",1,1,0,"The paper mentions that ROS1 gene rearrangement is observed in colorectal cancer, indicating the study's relevance to the population of interest.","The paper discusses crizotinib as a treatment and highlights its resistance in certain contexts, indicating that it examines the use or sensitivity of crizotinib.","While the paper discusses crizotinib resistance, it does not explicitly describe the effect of crizotinib treatment in detail, making it uncertain whether the study directly describes its effects."
30692572,Scientific reports,2019,Jan,28,Differential anti-tumour effects of MTH1 inhibitors in patient-derived 3D colorectal cancer cultures.,"Comparative Study, Journal Article, Research Support, Non-U.S. Gov't","Lizet M van der Waals, Jamila Laoukili, Jennifer M J Jongen, Danielle A Raats, Inne H M Borel Rinkes, Onno Kranenburg","Reactive oxygen species (ROS) function as second messengers in signal transduction, but high ROS levels can also cause cell death. MTH1 dephosphorylates oxidized nucleotides, thereby preventing their incorporation into DNA and protecting tumour cells from oxidative DNA damage. Inhibitors of MTH1 (TH588 and (S)-crizotinib) were shown to reduce cancer cell viability. However, the MTH1-dependency of the anti-cancer effects of these drugs has recently been questioned. Here, we have assessed anti-tumour effects of TH588 and (S)-crizotinib in patient-derived 3D colorectal cancer cultures. Hypoxia and reoxygenation - conditions that increase intracellular ROS levels - increased sensitivity to (S)-crizotinib, but not to TH588. (S)-crizotinib reduced tyrosine phosphorylation of c-MET and ErbB3 whereas TH588 induced a mitotic cell cycle arrest, which was not affected by adding ROS-modulating compounds. Furthermore, we show that both compounds induced DNA damage that could not be prevented by adding the ROS inhibitor N-acetyl-L-cysteine. Moreover, adding ROS-modulating compounds did not alter the reduction in viability in response to TH588 and (S)-crizotinib. We conclude that TH588 and (S)-crizotinib have very clear and distinct anti-tumour effects in 3D colorectal cancer cultures, but that these effects most likely occur through distinct and ROS-independent mechanisms.",1,1,1,"The study focuses on patient-derived 3D colorectal cancer cultures, which are relevant to patients with colorectal cancer.","The study examines the use and sensitivity of (S)-crizotinib, a form of crizotinib, in colorectal cancer cultures.","The study describes the effect of crizotinib treatment, including its impact on cell viability, tyrosine phosphorylation, and DNA damage."
37543570,Journal of translational medicine,2023,Aug,05,Epithelial cell adhesion molecule (EpCAM) regulates HGFR signaling to promote colon cancer progression and metastasis.,"Journal Article, Research Support, Non-U.S. Gov't","Chi-Chiu Lee, Chia-Jui Yu, Sushree Shankar Panda, Kai-Chi Chen, Kang-Hao Liang, Wan-Chen Huang, Yu-Shiuan Wang, Pei-Chin Ho, Han-Chung Wu","Epithelial cell adhesion molecule (EpCAM) is known to highly expression and promotes cancer progression in many cancer types, including colorectal cancer. While metastasis is one of the main causes of cancer treatment failure, the involvement of EpCAM signaling in metastatic processes is unclear. We propose the potential crosstalk of EpCAM signaling with the HGFR signaling in order to govern metastatic activity in colorectal cancer.
Immunoprecipitation (IP), enzyme-linked immunosorbent assay (ELISA), and fluorescence resonance energy transfer (FRET) was conducted to explore the extracellular domain of EpCAM (EpEX) and HGFR interaction. Western blotting was taken to determine the expression of proteins in colorectal cancer (CRC) cell lines. The functions of EpEX in CRC were investigated by proliferation, migration, and invasion analysis. The combined therapy was validated via a tail vein injection method for the metastasis and orthotopic colon cancer models.
This study demonstrates that the EpEX binds to HGFR and induces downstream signaling in colon cancer cells. Moreover, EpEX and HGF cooperatively mediate HGFR signaling. Furthermore, EpEX enhances the epithelial-to-mesenchymal transition and metastatic potential of colon cancer cells by activating ERK and FAK-AKT signaling pathways, and it further stabilizes active β-catenin and Snail proteins by decreasing GSK3β activity. Finally, we show that the combined treatment of an anti-EpCAM neutralizing antibody (EpAb2-6) and an HGFR inhibitor (crizotinib) significantly inhibits tumor progression and prolongs survival in metastatic and orthotopic animal models of colon cancer.
Our findings illuminate the molecular mechanisms underlying EpCAM signaling promotion of colon cancer metastasis, further suggesting that the combination of EpAb2-6 and crizotinib may be an effective strategy for treating cancer patients with high EpCAM expression.",1,1,1,"The study focuses on colorectal cancer, as it discusses the role of EpCAM and crizotinib in colon cancer progression and metastasis.",The study examines the use of crizotinib as part of a combined treatment with an anti-EpCAM antibody in colorectal cancer models.,"The study describes the effect of crizotinib treatment, showing that it, when combined with an anti-EpCAM antibody, significantly inhibits tumor progression and prolongs survival in animal models."
30412912,Translational oncology,2019,Feb,,Enhancing the Radiation Response in KRAS Mutant Colorectal Cancers Using the c-Met Inhibitor Crizotinib.,Journal Article,"Kyle C Cuneo, Ranjit K Mehta, Himabindu Kurapati, Dafydd G Thomas, Theodore S Lawrence, Mukesh K Nyati","C-Met plays important roles in treatment resistance, tumor invasion, and metastasis. In this study, we used a small molecule inhibitor of c-Met, crizotinib, in cetuximab-resistant, mutant KRAS-driven colorectal cancer cell lines and assessed radiosensitization.
A tissue microarray containing colorectal tumors was used to study the relationship between KRAS mutations and c-Met expression. For in vivo studies, we used the KRAS mutant cell lines HCT116, DLD1, and LoVo. Colony formation assays were performed to assess the effects of crizotinib and cetuximab. Immunoblot analysis was used to determine the effect of crizotinib on c-Met and downstream pathways and DNA damage response. We then selected noncytotoxic doses of crizotinib to assess clonogenic survival with radiation. To study potential mechanisms of radiosensitization, cell cycle analysis was performed using flow cytometry.
Analysis of the tissue microarray revealed that KRAS mutant tumors had active c-Met signaling. KRAS mutant cell lines LoVo, HCT116, and DLD1 were resistant to cetuximab but sensitive to crizotinib. Pretreatment with crizotinib for 24 hours radiosensitized LoVo, DLD1, and HCT116 cell lines with enhancement ratios of 1.54, 1.23, and 1.30, respectively. Immunoblot analysis showed that crizotinib blocked radiation-induced c-Met phosphorylation and attenuated downstream signaling pathways. Cell cycle analysis revealed minimal G1 arrest with crizotinib. Additionally, crizotinib completely blocked HGF induced cell migration.
Inhibition of c-Met with crizotinib effectively sensitizes cetuximab-resistant KRAS mutant colorectal cancer cell lines to radiation. Crizotinib has the potential to improve outcomes in locally advanced rectal cancer patients undergoing chemoradiation.",1,1,1,"The study focuses on colorectal cancer cell lines (HCT116, DLD1, LoVo) and discusses KRAS mutant colorectal tumors.","The study examines the use of crizotinib as a treatment, particularly in cetuximab-resistant KRAS mutant colorectal cancer cell lines.","The study describes the effect of crizotinib treatment, including radiosensitization, inhibition of c-Met signaling, and effects on cell migration and DNA damage response."
28654634,British journal of cancer,2017,Jul,25,Emergence of MET hyper-amplification at progression to MET and BRAF inhibition in colorectal cancer.,"Case Reports, Journal Article","Daniele Oddo, Giulia Siravegna, Annunziata Gloghini, Claudio Vernieri, Benedetta Mussolin, Federica Morano, Giovanni Crisafulli, Rosa Berenato, Giorgio Corti, Chiara Costanza Volpi, Michela Buscarino, Monica Niger, Philip D Dunne, Giuseppe Rospo, Emanuele Valtorta, Alice Bartolini, Giovanni Fucà, Simona Lamba, Antonia Martinetti, Maria Di Bartolomeo, Filippo de Braud, Alberto Bardelli, Filippo Pietrantonio, Federica Di Nicolantonio","Combined MET and BRAF inhibition showed clinical benefit in a patient with rectal cancer carrying BRAF
We analysed plasma circulating tumour DNA obtained at progression by exome sequencing and digital PCR. MET gene and mRNA in situ hybridisation analyses in two bioptic specimens obtained at progression were used to confirm the plasma data.
We identified in plasma MET gene hyper-amplification as a potential mechanism underlying therapy resistance. Increased MET gene copy and transcript levels were detected in liver and lymph node metastatic biopsies. Finally, transduction of MET in BRAF mutant colorectal cancer cells conferred refractoriness to BRAF and MET inhibition.
We identified in a rectal cancer patient MET gene hyper-amplification as mechanism of resistance to dual BRAF and MET inhibition.",1,-1,0,"The paper discusses a patient with rectal cancer, which is a subtype of colorectal cancer.",The study does not mention Crizotinib as a treatment used in the patient or in the study.,"The paper does not describe the effect of Crizotinib treatment, as it is not mentioned in the context of treatment or outcomes."
32821654,World journal of clinical oncology,2020,Jul,24,Complete response in anaplastic lymphoma kinase-rearranged oncocytic thyroid cancer: A case report and review of literature.,"Case Reports, Journal Article","Victoire de Salins, Gokoulakrichenane Loganadane, Charlotte Joly, Mukedaisi Abulizi, Maya Nourieh, Hélène Boussion, Yazid Belkacemi, Christophe Tournigand, Emmanuelle Kempf","Oncocytic carcinoma of the thyroid is a rare disease, characterized by a poor prognosis and low response rate to radioiodine therapy. Crizotinib is a specific anaplastic lymphoma kinase (ALK) inhibitor, which was initially developed in non-small cell lung cancer. Other solid tumors harboring a translocation in
We report the case of a 76-year-old woman with a history of multinodular goiter, who was hospitalized for impairment of her general condition. She was diagnosed with metastatic oncocytic thyroid cancer. Synchrone metastases were found: Multiple mediastinal lymphadenopathies, lytic bone lesions and bilateral mammary lumps. Fluorescence
This case highlights an unexpected efficacy of crizotinib in an",-1,1,1,"The paper focuses on a patient with oncocytic thyroid cancer, not Colorectal cancer.",The paper examines the use of Crizotinib in the treatment of oncocytic thyroid cancer.,The paper describes the effect of Crizotinib treatment in a patient with oncocytic thyroid cancer.
36129915,PloS one,2022,,,Investigation of cell signalings and therapeutic targets in PTPRK-RSPO3 fusion-positive colorectal cancer.,"Journal Article, Research Support, Non-U.S. Gov't","Jae Heon Jeong, Jae Won Yun, Ha Young Kim, Chan Yeong Heo, Sejoon Lee","Colorectal cancer (CRC) is one of the most deadly and common diseases in the world, accounting for over 881,000 casualties in 2018. The PTPRK-RSPO3 (P:R) fusion is a structural variation in CRC and well known for its ability to activate WNT signaling and tumorigenesis. However, till now, therapeutic targets and actionable drugs are limited in this subtype of cancer.
The purpose of this study is to identify key genes and cancer-related pathways specific for P:R fusion-positive CRC. In addition, we also inferred the actionable drugs in bioinformatics analysis using the Cancer Genome Atlas (TCGA) data.
2,505 genes were altered in RNA expression specific for P:R fusion-positive CRC. By pathway analysis based on the altered genes, ten major cancer-related signaling pathways (Apoptosis, Direct p53, EGFR, ErbB, JAK-STAT, tyrosine kinases, Pathways in Cancer, SCF-KIT, VEGFR, and WNT-related Pathway) were significantly altered in P:R fusion-positive CRC. Among these pathways, the most altered cancer genes (ALK, ACSL3, AXIN, MYC, TP53, GNAQ, ACVR2A, and FAS) specific for P:R fusion and involved in multiple cancer pathways were considered to have a key role in P:R fusion-positive CRC. Based on the drug-target network analysis, crizotinib, alectinib, lorlatinib, brigatinib, ceritinib, erdafitinib, infigratinib and pemigatinib were selected as putative therapeutic candidates, since they were already used in routine clinical practice in other cancer types and target genes of the drugs were involved in multiple cancer-pathways.",1,-1,0,The study focuses on patients with colorectal cancer (CRC) specifically with the PTPRK-RSPO3 fusion.,The study mentions crizotinib as a putative therapeutic candidate but does not examine its use or sensitivity among main treatments.,The study does not describe the effect of crizotinib treatment on patients or in a clinical context.
26939704,Molecular cancer therapeutics,2016,Apr,,"Entrectinib, a Pan-TRK, ROS1, and ALK Inhibitor with Activity in Multiple Molecularly Defined Cancer Indications.",Journal Article,"Elena Ardini, Maria Menichincheri, Patrizia Banfi, Roberta Bosotti, Cristina De Ponti, Romana Pulci, Dario Ballinari, Marina Ciomei, Gemma Texido, Anna Degrassi, Nilla Avanzi, Nadia Amboldi, Maria Beatrice Saccardo, Daniele Casero, Paolo Orsini, Tiziano Bandiera, Luca Mologni, David Anderson, Ge Wei, Jason Harris, Jean-Michel Vernier, Gang Li, Eduard Felder, Daniele Donati, Antonella Isacchi, Enrico Pesenti, Paola Magnaghi, Arturo Galvani","Activated ALK and ROS1 tyrosine kinases, resulting from chromosomal rearrangements, occur in a subset of non-small cell lung cancers (NSCLC) as well as other tumor types and their oncogenic relevance as actionable targets has been demonstrated by the efficacy of selective kinase inhibitors such as crizotinib, ceritinib, and alectinib. More recently, low-frequency rearrangements of TRK kinases have been described in NSCLC, colorectal carcinoma, glioblastoma, and Spitzoid melanoma. Entrectinib, whose discovery and preclinical characterization are reported herein, is a novel, potent inhibitor of ALK, ROS1, and, importantly, of TRK family kinases, which shows promise for therapy of tumors bearing oncogenic forms of these proteins. Proliferation profiling against over 200 human tumor cell lines revealed that entrectinib is exquisitely potent in vitro against lines that are dependent on the drug's pharmacologic targets. Oral administration of entrectinib to tumor-bearing mice induced regression in relevant human xenograft tumors, including the TRKA-dependent colorectal carcinoma KM12, ROS1-driven tumors, and several ALK-dependent models of different tissue origins, including a model of brain-localized lung cancer metastasis. Entrectinib is currently showing great promise in phase I/II clinical trials, including the first documented objective responses to a TRK inhibitor in colorectal carcinoma and in NSCLC. The drug is, thus, potentially suited to the therapy of several molecularly defined cancer settings, especially that of TRK-dependent tumors, for which no approved drugs are currently available. Mol Cancer Ther; 15(4); 628-39. ©2016 AACR.",1,-1,0,The paper mentions colorectal carcinoma (colorectal cancer) as one of the tumor types affected by entrectinib.,"The paper discusses entrectinib, not crizotinib, as the drug under investigation; crizotinib is only mentioned in the context of being a related inhibitor.","The paper does not specifically describe the effect of crizotinib treatment, as it focuses on entrectinib."
38378070,Experimental and molecular pathology,2024,Apr,,TBX15 and SDHB expression changes in colorectal cancer serve as potential prognostic biomarkers.,Journal Article,"Melika Golozar, Ali Valipour Motlagh, Mohammad Mahdevar, Maryam Peymani, Kolsoum InanlooRahatloo, Kamran Ghaedi","Alterations in the expression of certain genes could be associated with both patient mortality rates and drug resistance. This study aimed to identify genes in colorectal cancer (CRC) that potentially serve as hub genes influencing patient survival rates. RNA-Seq data were downloaded from the cancer genome atlas database, and differential expression analysis was performed between tumors and healthy controls. Through the utilization of univariate and multivariate Cox regression analyses, in combination with the MCODE clustering module, the genes whose expression changes were related to survival rate and the hub genes related to them were identified. The mortality risk model was computed using the hub genes. CRC samples and the RT-qPCR method were utilized to confirm the outcomes. PharmacoGx data were employed to link the expression of potential genes to medication resistance and sensitivity. The results revealed the discovery of seven hub genes, which emerged as independent prognostic markers. These included HOXC6, HOXC13, HOXC8, and TBX15, which were associated with poor prognosis and overexpression, as well as SDHB, COX5A, and UQCRC1, linked to favorable prognosis and downregulation. Applying the risk model developed with the mentioned genes revealed a markedly higher incidence of deceased patients in the high-risk group compared to the low-risk group. RT-qPCR results indicated a decrease in SDHB expression and an elevation in TBX15 levels in cancer samples relative to adjacent healthy tissue. Also, PharmacoGx data indicated that the expression level of SDHB was correlated with drug sensitivity to Crizotinib and Dovitinib. Our findings highlight the potential association between alterations in the expression of genes such as HOXC6, HOXC13, HOXC8, TBX15, SDHB, COX5A, and UQCRC1 and increased mortality rates in CRC patients. As revealed by the PPI network, these genes exhibited the most connections with other genes linked to survival.",1,1,-1,The study explicitly focuses on patients with colorectal cancer.,The study examines the sensitivity of Crizotinib using PharmacoGx data.,"The study does not describe the effect of Crizotinib treatment on patients, only its potential association with drug sensitivity."
27325282,Cancer discovery,2016,Sep,,MET-Driven Resistance to Dual EGFR and BRAF Blockade May Be Overcome by Switching from EGFR to MET Inhibition in BRAF-Mutated Colorectal Cancer.,Journal Article,"Filippo Pietrantonio, Daniele Oddo, Annunziata Gloghini, Emanuele Valtorta, Rosa Berenato, Ludovic Barault, Marta Caporale, Adele Busico, Federica Morano, Ambra Vittoria Gualeni, Alessandra Alessi, Giulia Siravegna, Federica Perrone, Maria Di Bartolomeo, Alberto Bardelli, Filippo de Braud, Federica Di Nicolantonio","A patient with metastatic BRAF-mutated colorectal cancer initially responded to combined EGFR and BRAF inhibition with panitumumab plus vemurafenib. Pre-existing cells with increased MET gene copy number in the archival tumor tissue likely underwent clonal expansion during treatment, leading to the emergence of MET amplification in the rebiopsy taken at progression. In BRAF-mutated colorectal cancer cells, ectopic expression of MET conferred resistance to panitumumab and vemurafenib, which was overcome by combining BRAF and MET inhibition. Based on tumor genotyping and functional in vitro data, the patient was treated with the dual ALK-MET inhibitor crizotinib plus vemurafenib, thus switching to dual MET and BRAF blockade, with rapid and marked effectiveness of such strategy. Although acquired resistance is a major limitation to the clinical efficacy of anticancer agents, the identification of molecular targets emerging during the first treatment may afford the opportunity to design the next line of targeted therapies, maximizing patient benefit.
MET amplification is here identified-clinically and preclinically-as a new mechanism of resistance to EGFR and BRAF dual/triple block combinations in BRAF-mutated colorectal cancer. Switching from EGFR to MET inhibition, while maintaining BRAF inhibition, resulted in clinical benefit after the occurrence of MET-driven acquired resistance. Cancer Discov; 6(9); 963-71. ©2016 AACR.This article is highlighted in the In This Issue feature, p. 932.",1,1,1,The paper explicitly mentions patients with BRAF-mutated colorectal cancer.,The paper describes the use of crizotinib as part of the treatment strategy.,"The paper describes the clinical effect of crizotinib treatment in the patient, including rapid and marked effectiveness."
36801912,NPJ precision oncology,2023,Feb,18,"BRAF v600E-mutant cancers treated with vemurafenib alone or in combination with everolimus, sorafenib, or crizotinib or with paclitaxel and carboplatin (VEM-PLUS) study.",Journal Article,"Blessie Elizabeth Nelson, Jason Roszik, Filip Janku, David S Hong, Shumei Kato, Aung Naing, Sarina Piha-Paul, Siqing Fu, Apostolia Tsimberidou, Maria Cabanillas, Naifa Lamki Busaidy, Milind Javle, Lauren Averett Byers, John V Heymach, Funda Meric-Bernstam, Vivek Subbiah","Combined BRAF + MEK inhibition is FDA approved for BRAF V600E-mutant solid tumors except for colorectal cancer. However, beyond MAPK mediated resistance several other mechanisms of resistance such as activation of CRAF, ARAF, MET, P13K/AKT/mTOR pathway exist among other complex pathways. In the VEM-PLUS study, we performed a pooled analysis of four phase one studies evaluating the safety and efficacy of vemurafenib monotherapy and vemurafenib combined with targeted therapies (sorafenib, crizotinib, or everolimus) or carboplatin plus paclitaxel in advanced solid tumors harboring BRAF V600 mutations. When vemurafenib monotherapy was compared with the combination regimens, no significant differences in OS or PFS durations were noted, except for inferior OS in the vemurafenib and paclitaxel and carboplatin trial (P = 0.011; HR, 2.4; 95% CI, 1.22-4.7) and in crossover patients (P = 0.0025; HR, 2.089; 95% CI, 1.2-3.4). Patients naïve to prior BRAF inhibitors had statistically significantly improved OS at 12.6 months compared to 10.4 months in the BRAF therapy refractory group (P = 0.024; HR, 1.69; 95% CI 1.07-2.68). The median PFS was statistically significant between both groups, with 7 months in the BRAF therapy naïve group compared to 4.7 months in the BRAF therapy refractory group (P = 0.016; HR, 1.80; 95% CI 1.11-2.91). The confirmed ORR in the vemurafenib monotherapy trial (28%) was higher than that in the combination trials. Our findings suggest that, compared with vemurafenib monotherapy, combinations of vemurafenib with cytotoxic chemotherapy or with RAF- or mTOR-targeting agents do not significantly extend the OS or PFS of patients who have solid tumors with BRAF V600E mutations. Gaining a better understanding of the molecular mechanisms of BRAF inhibitor resistance, balancing toxicity and efficacy with novel trial designs are warranted.",-1,1,1,"The study focuses on patients with BRAF V600E-mutant solid tumors, not specifically colorectal cancer.",The study examines the use of Crizotinib in combination with vemurafenib as part of the treatment regimens.,"The study describes the effect of Crizotinib treatment as part of combination therapies, though no significant improvement in OS or PFS was observed."
36053834,International journal of cancer,2022,Dec,15,ROS1 genomic rearrangements are rare actionable drivers in microsatellite stable colorectal cancer.,Journal Article,"Dilara Akhoundova, Saskia Hussung, Smruthy Sivakumar, Antonia Töpfer, Markus Rechsteiner, Abdullah Kahraman, Fabian Arnold, Florian Angst, Christian Britschgi, Martin Zoche, Holger Moch, Achim Weber, Ethan Sokol, Ralph M Fritsch","c-Ros oncogene 1, receptor tyrosine kinase (ROS1) genomic rearrangements have been reported previously in rare cases of colorectal cancer (CRC), yet little is known about the frequency, molecular characteristics, and therapeutic vulnerabilities of ROS1-driven CRC. We analyzed a clinical dataset of 40 589 patients with CRC for ROS1 genomic rearrangements and their associated genomic characteristics (Foundation Medicine, Inc [FMI]). We moreover report the disease course and treatment response of an index patient with ROS1-rearranged metastatic CRC. ROS1 genomic rearrangements were identified in 34 (0.08%) CRC samples. GOPC-ROS1 was the most common ROS1 fusion identified (11 samples), followed by TTC28-ROS1 (3 samples). Four novel 5' gene partners of ROS1 were identified (MCM9, SRPK1, EPHA6, P4HA1). Contrary to previous reports on fusion-positive CRC, ROS1-rearrangements were found exclusively in microsatellite stable (MSS) CRCs. KRAS mutations were significantly less abundant in ROS1-rearranged vs ROS1 wild type cases. The index patient presented with chemotherapy-refractory metastatic right-sided colon cancer harboring GOPC-ROS1. Molecularly targeted treatment with crizotinib induced a rapid and sustained partial response. After 15 months on crizotinib disseminated tumor progression occurred and KRAS Q61H emerged in tissue and liquid biopsies. ROS1 rearrangements define a small, yet therapeutically actionable molecular subgroup of MSS CRC. In summary, the high prevalence of GOPC-ROS1 and noncanonical ROS1 fusions pose diagnostic challenges. We advocate NGS-based comprehensive molecular profiling of MSS CRCs that are wild type for RAS and BRAF and patient enrollment in precision trials.",1,1,1,The study focuses on patients with colorectal cancer.,The study examines the use of crizotinib as a molecularly targeted treatment in a patient with ROS1-rearranged metastatic CRC.,"The study describes the effect of crizotinib treatment, including a rapid and sustained partial response in the index patient."
36316649,BMC cancer,2022,Oct,31,Personalized targeted therapy prescription in colorectal cancer using algorithmic analysis of RNA sequencing data.,Journal Article,"Maxim Sorokin, Marianna Zolotovskaia, Daniil Nikitin, Maria Suntsova, Elena Poddubskaya, Alexander Glusker, Andrew Garazha, Alexey Moisseev, Xinmin Li, Marina Sekacheva, David Naskhletashvili, Alexander Seryakov, Ye Wang, Anton Buzdin","Overall survival of advanced colorectal cancer (CRC) patients remains poor, and gene expression analysis could potentially complement detection of clinically relevant mutations to personalize CRC treatments.
We performed RNA sequencing of formalin-fixed, paraffin-embedded (FFPE) cancer tissue samples of 23 CRC patients and interpreted the data obtained using bioinformatic method Oncobox for expression-based rating of targeted therapeutics. Oncobox ranks cancer drugs according to the efficiency score calculated using target genes expression and molecular pathway activation data. The patients had primary and metastatic CRC with metastases in liver, peritoneum, brain, adrenal gland, lymph nodes and ovary. Two patients had mutations in NRAS, seven others had mutated KRAS gene. Patients were treated by aflibercept, bevacizumab, bortezomib, cabozantinib, cetuximab, crizotinib, denosumab, panitumumab and regorafenib as monotherapy or in combination with chemotherapy, and information on the success of totally 39 lines of therapy was collected.
Oncobox drug efficiency score was effective biomarker that could predict treatment outcomes in the experimental cohort (AUC 0.77 for all lines of therapy and 0.91 for the first line after tumor sampling). Separately for bevacizumab, it was effective in the experimental cohort (AUC 0.87) and in 3 independent literature CRC datasets, n = 107 (AUC 0.84-0.94). It also predicted progression-free survival in univariate (Hazard ratio 0.14) and multivariate (Hazard ratio 0.066) analyses. Difference in AUC scores evidences importance of using recent biosamples for the prediction quality.
Our results suggest that RNA sequencing analysis of tumor FFPE materials may be helpful for personalizing prescriptions of targeted therapeutics in CRC.",1,1,0,The study explicitly mentions patients with colorectal cancer.,The study mentions that crizotinib was one of the treatments used among the patients.,"The study does not provide specific details on the effect of crizotinib treatment, only that it was used among the therapies."
32208873,"Acta oncologica (Stockholm, Sweden)",2020,Jul,,"Molecularly matched therapy in the context of sensitivity, resistance, and safety; patient outcomes in end-stage cancer - the MetAction study.",Journal Article,"Anne Hansen Ree, Vigdis Nygaard, Kjetil Boye, Daniel Heinrich, Svein Dueland, Inger Riise Bergheim, Christin Johansen, Klaus Beiske, Anne Negård, Marius Lund-Iversen, Vegard Nygaard, Eivind Hovig, Sigve Nakken, Salah Nasser, Lars Julsrud, Claudius H Reisse, Espen A Ruud, Vessela N Kristensen, Vivi A Flørenes, Gry A Geitvik, Ole Christian Lingjærde, Anne-Lise Børresen-Dale, Hege G Russnes, Gunhild M Mælandsmo, Kjersti Flatmark",,0,0,0,The paper title does not specify that the study focuses on patients with Colorectal cancer.,The paper title mentions Crizotinib but does not clarify if it is examined as a main treatment or its sensitivity.,The paper title does not describe the effect of Crizotinib treatment.
27565250,Fertility and sterility,2016,Nov,,Ovarian stimulation in young adult cancer survivors on targeted cancer therapies.,"Case Reports, Journal Article, Review","H Irene Su, Meghan W Connell, Lyudmila A Bazhenova","To describe a clinical approach to and outcomes of IVF in reproductive-aged cancer survivors receiving targeted cancer therapies.
Case report.
Not applicable.
The first case is of a female patient with metastatic lung cancer receiving long-term crizotinib, an anaplastic lymphoma kinase inhibitor. The second case is of a female patient with metastatic colon cancer receiving long-term denosumab, a RANKL antibody. Both patients presented desiring fertility.
In vitro fertilization.
Live birth and embryo banking.
The potential impact of targeted therapy on oocytes and pregnancy was investigated via literature review and pharmaceutical company inquiries. After oncologic, fertility, and psychological counseling, both survivors underwent ovarian stimulation, IVF, and preimplantation genetic screening. One couple achieved live births of dizygotic twins via gestational surrogacy. The second couple froze one euploid blastocyst for future fertility. Both survivors are stable from their cancer standpoints.
Successful fertility treatments are possible in the context of exposure to crizotinib and denosumab.",-1,1,0,"The study focuses on patients with metastatic lung cancer and metastatic colon cancer, but the primary focus is not on patients with Colorectal cancer.","The study examines the use of Crizotinib in a patient with metastatic lung cancer, making it relevant to the use of Crizotinib.",The study describes the effect of Crizotinib on fertility and ovarian stimulation but does not specifically describe the effect of Crizotinib treatment on the disease or health outcomes related to the treatment.
32111984,Oncogene,2020,Apr,,SOX13 promotes colorectal cancer metastasis by transactivating SNAI2 and c-MET.,"Journal Article, Research Support, Non-U.S. Gov't","Feng Du, Xiaowei Li, Weibo Feng, Chenyang Qiao, Jie Chen, Mingzuo Jiang, Zhaoyan Qiu, Meirui Qian, Dean Tian, Yongzhan Nie, Daiming Fan, Kaichun Wu, Limin Xia","Metastasis is a major cause of high recurrence and poor survival of patients with colorectal cancer (CRC), although the mechanisms associated with this process remain poorly understood. In this study, we report a novel mechanism by which SOX13 promotes CRC metastasis by transactivating SNAI2 and c-MET. SOX13 overexpression was significantly correlated with more aggressive clinicopathological features of CRC and indicated poor prognosis in two independent cohorts of CRC patients (cohort I, n = 363; cohort II, n = 390). Overexpression of SOX13-promoted CRC migration, invasion, and metastasis, whereas SOX13 downregulation caused the opposite effects. Further mechanistic investigation identified SNAI2 and MET as important target genes of SOX13 using serial deletion and site-directed mutagenesis luciferase reporter and chromatin immunoprecipitation (ChIP) assays, as well as functional complementation analyses. In addition, SOX13 was shown to be a direct target of HGF/STAT3 signaling, and the c-MET inhibitor crizotinib blocked the HGF/STAT3/SOX13/c-MET axis, significantly inhibiting SOX13-mediated CRC migration, invasion and metastasis. Moreover, in clinical CRC tissues, SOX13 expression was positively correlated with the expression of SNAI2, c-MET, and HGF. CRC patients with positive coexpression of SOX13/SNAI2, SOX13/c-MET, or HGF/SOX13 exhibited a worse prognosis. In summary, SOX13 is a promising prognostic biomarker in patients with CRC, and blocking the HGF/STAT3/SOX13/c-MET axis with crizotinib could be a new therapeutic strategy to prevent SOX13-mediated CRC metastasis.",1,-1,1,The study focuses on patients with colorectal cancer.,The study does not examine the use or sensitivity of crizotinib as a main treatment.,"The study describes the effect of crizotinib treatment in inhibiting CRC migration, invasion, and metastasis."
34766064,JTO clinical and research reports,2021,Nov,,Malignant Peritoneal Mesothelioma With EWSR1-ATF1 Fusion: A Case Report.,"Case Reports, Journal Article","Helen Ke, Anthony J Gill, Catriona McKenzie, James G Kench, Renee C F Chan, Nick Pavlakis, Michael Fulham, Cherry Koh, Steven Kao","Malignant mesothelioma with EWSR1-ATF1 fusion is a rare malignancy described in young adults without asbestos exposure. To the best of our knowledge, outcomes to local and systemic therapies for this subtype of malignant mesothelioma have not been described. This case report describes the clinical course of a 19-year-old man diagnosed with malignant peritoneal mesothelioma with EWSR1-ATF1 fusion localized to the abdomen. His disease followed an aggressive course and resulted in limited survival (18 mo). There was treatment resistance to several lines of conventional local and systemic treatments for peritoneal mesothelioma and biologically targeted MET inhibition with crizotinib. More research is required in this rare subtype of peritoneal mesothelioma.",-1,1,1,"The study focuses on a patient with malignant peritoneal mesothelioma, not colorectal cancer.",The study examines the use of crizotinib as part of the treatment for the patient's condition.,"The study describes the effect of crizotinib treatment, noting treatment resistance."
29125233,Cancer medicine,2017,Dec,,In vivo imaging xenograft models for the evaluation of anti-brain tumor efficacy of targeted drugs.,"Comparative Study, Journal Article","Kenji Kita, Sachiko Arai, Akihiro Nishiyama, Hirokazu Taniguchi, Koji Fukuda, Rong Wang, Tadaaki Yamada, Shinji Takeuchi, Shoichiro Tange, Atsushi Tajima, Mitsutoshi Nakada, Kazuo Yasumoto, Yoshiharu Motoo, Takashi Murakami, Seiji Yano","Molecular-targeted drugs are generally effective against tumors containing driver oncogenes, such as EGFR, ALK, and NTRK1. However, patients harboring these oncogenes frequently experience a progression of brain metastases during treatment. Here, we present an in vivo imaging model for brain tumors using human cancer cell lines, including the EGFR-L858R/T790M-positive H1975 lung adenocarcinoma cells, the NUGC4 hepatocyte growth factor (HGF)-dependent gastric cancer cells, and the KM12SM colorectal cancer cells containing the TPM3-NTRK1 gene fusion. We investigated the efficacy of targeted drugs by comparison with their effect in extracranial models. In vitro, H1975 cells were sensitive to the third-generation epidermal growth factor receptor inhibitor osimertinib. Moreover, HGF stimulated the proliferation of NUGC4 cells, that was inhibited by crizotinib, which has anti-MET activity. KM12SM cells were sensitive to the tropomyosin-related kinase-A inhibitors crizotinib and entrectinib. In in vivo H1975 cell models, osimertinib inhibited the progression of both brain and subcutaneous tumors. Furthermore, in in vivo NUGC4 cell models, crizotinib remarkably delayed the progression of brain tumors, and that of peritoneal carcinomatosis. Interestingly, in in vivo KM12SM cell models, treatment with crizotinib delayed the progression of liver metastases, but not that of brain tumors. Conversely, treatment with entrectinib discernibly delayed the progression of both tumor types. Thus, the effect of targeted drugs against brain tumors can differ from the one reported in extracranial tumors. Moreover, the same multikinase inhibitory drug can display different efficacies in brain tumor models containing different drivers. Therefore, our in vivo imaging model for brain tumors may prove useful for preclinical drug screening against brain metastases.",-1,1,1,"The study focuses on xenograft models, not human patients with colorectal cancer.",The study examines the use and sensitivity of crizotinib in KM12SM colorectal cancer cells.,The study describes the effect of crizotinib treatment on brain tumor progression in KM12SM colorectal cancer models.
34898475,Aging,2021,Dec,13,Identification of a novel immune signature for optimizing prognosis and treatment prediction in colorectal cancer.,"Journal Article, Research Support, Non-U.S. Gov't","Yan Li, Yiyi Li, Zijin Xia, Dun Zhang, Xiaomei Chen, Xinyu Wang, Jing Liao, Wei Yi, Jun Chen","Globally, colorectal cancer (CRC) is one of the most lethal malignant diseases. However, the currently approved therapeutic options for CRC failed to acquire satisfactory treatment efficacy. Tailoring therapeutic strategies for CRC individuals can provide new insights into personalized prediction approaches and thus maximize clinical benefits.
In this study, a multi-step process was used to construct an immune-related genes (IRGs) based signature leveraging the expression profiles and clinical characteristics of CRC from the Gene Expression Omnibus (GEO) database and the Cancer Genome Atlas (TCGA) database. An integrated immunogenomic analysis was performed to determine the association between IRGs with prognostic significance and cancer genotypes in the tumor immune microenvironment (TIME). Moreover, we performed a comprehensive
The established signature was shown to be a promising biomarker for evaluating clinical outcomes in CRC. The immune risk score as calculated by this classifier was significantly correlated with over-riding malignant phenotypes and immunophenotypes. Further analyses demonstrated that CRCs with low immune risk scores achieved better therapeutic benefits from immunotherapy, while AZD4547, Cytochalasin B and S-crizotinib might have potential therapeutic implications in the immune risk score-high CRCs.
Overall, this IRGs-based signature not only afforded a useful tool for determining the prognosis and evaluating the TIME features of CRCs, but also shed new light on tailoring CRCs with precise treatment.",1,0,0,The study explicitly mentions colorectal cancer (CRC) as the focus.,"The paper mentions 'S-crizotinib' in the context of potential therapeutic implications, but does not clearly examine its use or sensitivity as a main treatment.",The paper does not provide specific details on the effect of Crizotinib treatment in patients with CRC.
28437395,Nature chemical biology,2017,Jun,,Global survey of the immunomodulatory potential of common drugs.,Journal Article,"Gregory I Vladimer, Berend Snijder, Nikolaus Krall, Johannes W Bigenzahn, Kilian V M Huber, Charles-Hugues Lardeau, Kumar Sanjiv, Anna Ringler, Ulrika Warpman Berglund, Monika Sabler, Oscar Lopez de la Fuente, Paul Knöbl, Stefan Kubicek, Thomas Helleday, Ulrich Jäger, Giulio Superti-Furga","Small-molecule drugs may complement antibody-based therapies in an immune-oncology setting, yet systematic methods for the identification and characterization of the immunomodulatory properties of these entities are lacking. We surveyed the immumomodulatory potential of 1,402 small chemical molecules, as defined by their ability to alter the cell-cell interactions among peripheral mononuclear leukocytes ex vivo, using automated microscopy and population-wide single-cell image analysis. Unexpectedly, ∼10% of the agents tested affected these cell-cell interactions differentially. The results accurately recapitulated known immunomodulatory drug classes and revealed several clinically approved drugs that unexpectedly harbor the ability to modulate the immune system, which could potentially contribute to their physiological mechanism of action. For instance, the kinase inhibitor crizotinib promoted T cell interactions with monocytes, as well as with cancer cells, through inhibition of the receptor tyrosine kinase MSTR1 and subsequent upregulation of the expression of major histocompatibility complex molecules. The approach offers an attractive platform for the personalized identification and characterization of immunomodulatory therapeutics.",-1,1,1,The study does not focus on patients with Colorectal cancer; it is a global survey of small molecules and their immunomodulatory potential.,"The study examines Crizotinib and its immunomodulatory effects, which are relevant to its use as a treatment.","The study describes the effect of Crizotinib treatment on cell-cell interactions, including its impact on T cells, monocytes, and cancer cells."
38711893,AME case reports,2024,,,Partial response to crizotinib + regorafenib + PD-1 inhibitor in a metastatic,"Case Reports, Journal Article","Yingying Huang, Shuai Zhang, Xueqing Hu, Xiangyang Wang, Yunbo Zhao, Zhongkang Li","Colorectal cancer (CRC) with the Raf murine sarcoma viral oncogene homolog B (
A 49-year-old Chinese male was diagnosed with ascending colon adenocarcinoma (cT3N+?M1) with liver metastases. The patient performed next-generation sequencing (NGS) using tissue and circulating tumor DNA (ctDNA), and the results showed a
This study reported a co-existence of a",1,1,0,"The paper mentions a patient with ascending colon adenocarcinoma, which is a type of colorectal cancer.",The paper discusses the use of Crizotinib as part of the treatment regimen.,The paper does not provide sufficient information to determine the effect of Crizotinib treatment.
37773318,NPJ precision oncology,2023,Sep,29,ALK fusions in the pan-cancer setting: another tumor-agnostic target?,"Journal Article, Review","Aditya Shreenivas, Filip Janku, Mohamed A Gouda, Hui-Zi Chen, Ben George, Shumei Kato, Razelle Kurzrock","Anaplastic lymphoma kinase (ALK) alterations (activating mutations, amplifications, and fusions/rearrangements) occur in ~3.3% of cancers. ALK fusions/rearrangements are discerned in >50% of inflammatory myofibroblastic tumors (IMTs) and anaplastic large cell lymphomas (ALCLs), but only in ~0.2% of other cancers outside of non-small cell lung cancer (NSCLC), a rate that may be below the viability threshold of even large-scale treatment trials. Five ALK inhibitors -alectinib, brigatinib, ceritinb, crizotinib, and lorlatinib-are FDA approved for ALK-aberrant NSCLCs, and crizotinib is also approved for ALK-aberrant IMTs and ALCL, including in children. Herein, we review the pharmacologic tractability of ALK alterations, focusing beyond NSCLC. Importantly, the hallmark of approved indications is the presence of ALK fusions/rearrangements, and response rates of ~50-85%. Moreover, there are numerous reports of ALK inhibitor activity in multiple solid and hematologic tumors (e.g., histiocytosis, leiomyosarcoma, lymphoma, myeloma, and colorectal, neuroendocrine, ovarian, pancreatic, renal, and thyroid cancer) bearing ALK fusions/rearrangements. Many reports used crizotinib or alectinib, but each of the approved ALK inhibitors have shown activity. ALK inhibitor activity is also seen in neuroblastoma, which bear ALK mutations (rather than fusions/rearrangements), but response rates are lower (~10-20%). Current data suggests that ALK inhibitors have tissue-agnostic activity in neoplasms bearing ALK fusions/rearrangements.",1,1,0,The paper mentions colorectal cancer as one of the tumor types where ALK fusions/rearrangements have been reported and where crizotinib has shown activity.,"The paper discusses the use of crizotinib in multiple tumor types, including colorectal cancer, and mentions its approval for ALK-aberrant IMTs and ALCL, as well as its use in other cancers with ALK fusions.","While the paper mentions crizotinib's activity in colorectal cancer, it does not provide specific data or describe the effect of crizotinib treatment in detail for this population."
30863492,Oncotarget,2019,Feb,12,Broad-spectrum receptor tyrosine kinase inhibitors overcome,Journal Article,"Ramona Graves-Deal, Galina Bogatcheva, Saba Rehman, Yuanyuan Lu, James N Higginbotham, Bhuminder Singh",It is increasingly appreciated that 3D cultures are more predictive of,-1,0,0,The paper does not mention 'Colorectal cancer' as the patient population.,The paper does not clearly examine the use or sensitivity of 'Crizotinib' as a main treatment.,The paper does not describe the effect of 'Crizotinib' treatment.
40211189,BMC cancer,2025,Apr,10,A Phase Ia/b study of MEK1/2 inhibitor binimetinib with MET inhibitor crizotinib in patients with RAS mutant advanced colorectal cancer (MErCuRIC).,"Journal Article, Clinical Trial, Phase I","Francesca Aroldi, Elena Elez, Thierry André, Geraldine Perkins, Hans Prenen, Vlad Popovici, Peter Gallagher, Jennifer Houlden, Linda Collins, Corran Roberts, Christian Rolfo, Federica Di Nicolantonio, Margaret Grayson, Ruth Boyd, Karolien Bettens, Jurgen Delfavero, Victoria Coyle, Mark Lawler, Hajrah Khawaja, Pierre Laurent-Puig, Manuel Salto-Tellez, Tim S Maughan, Josep Tabernero, Richard Adams, Robert Jones, Bryan T Hennessy, Alberto Bardelli, Marc Peeters, Mark R Middleton, Richard H Wilson, Sandra Van Schaeybroeck,  ","Targeting RAS mutant (MT) colorectal cancer (CRC) remains a difficult challenge, mainly due to the pervasiveness of RAS/MEK-mediated feedback loops. Preclinical studies identified MET/STAT3 as an important mediator of resistance to KRAS-MEK1/2 blockade in RASMT CRC. This dose escalation/expansion study assessed safety and initial efficacy of the MEK1/2 inhibitor binimetinib with MET inhibitor crizotinib in RASMT advanced CRC patients.
In the dose escalation phase, patients with advanced solid tumours received binimetinib with crizotinib, using a rolling- 6 design to determine the maximum tolerable dose (MTD) and safety/tolerability. A subsequent dose expansion in RASMT CRC patients assessed treatment response. Blood samples for pharmacokinetics, MET biomarker and ctDNA analyses, and skin/tumour biopsies for pharmacodynamics, c-MET immunohistochemistry (IHC), MET in situ hybridisation (ISH) and MET DNA-ISH analyses were collected.
Twenty patients were recruited in 3 cohorts in the dose escalation. The MTD was binimetinib 30 mg B.D, days 1-21 every 28 days, with crizotinib 250 mg O.D continuously. Dose-limiting toxicities included grade ≥ 3 transaminitis, creatinine phosphokinase increases and fatigue. Thirty-six RASMT metastatic CRC patients were enrolled in the dose expansion. Pharmacokinetic and pharmacodynamic parameters showed evidence of target engagement. Across the entire study, the most frequent treatment-related adverse events (TR-AE) were rash (80.4%), fatigue (53.4%) and diarrhoea (51.8%) with grade ≥ 3 TR-AE occurring in 44.6%. Best clinical response within the RASMT CRC cohort was stable disease in seven patients (24%). Tumour MET super-expression (IHC H-score > 180 and MET ISH + 3) was observed in 7 patients (24.1%), with MET-amplification only present in 1 of these patients. This patient discontinued treatment early during cycle 1 due to toxicity. Patients with high baseline RASMT allele frequency had a significant shorter median overall survival compared with that seen for patients with low baseline KRASMT allele frequency.
Combination binimetinib/crizotinib showed a poor tolerability with no objective responses observed in RASMT advanced CRC patients. EudraCT-Number: 2014-000463 - 40 (20/06/2014: A Sequential Phase I study of MEK1/2 inhibitors PD- 0325901 or Binimetinib combined with cMET inhibitor Crizotinib in RAS Mutant and RAS Wild Type with aberrant c-MET).",1,1,1,The study explicitly mentions patients with advanced colorectal cancer (CRC) who are RAS mutant.,The study examines the use of Crizotinib in combination with binimetinib as a treatment for RAS mutant CRC patients.,"The study describes the effect of Crizotinib treatment, including adverse events, pharmacokinetic parameters, and clinical outcomes such as stable disease."
36627781,Anti-cancer agents in medicinal chemistry,2023,,,Recent Updates on Structural Aspects of ALK Inhibitors as an Anticancer Agent.,"Review, Journal Article","Md Shahid Ayaz, Ritu Bhupal, Priyanka Sharma, Adarsh Sahu, Parwati Singh, Ghanshyam Das Gupta, Vivek Asati","Presently, several protein kinases have been discovered with the aim to treat various cancers. Anaplastic lymphoma kinase (ALK) is a tyrosine kinase receptor that plays a role in the pathogenesis of a wide variety of human cancers known as ALCLs, NSCLC, ovarian cancer, breast cancer, colorectal cancer, neuroblastoma, etc. The fulllength ALK receptor is a classical receptor tyrosine kinase composed of an amino-terminal extracellular domain and an intracellular tyrosine kinase domain. Crizotinib is a strong oral small-molecule first tyrosine kinase inhibitor of ALK to be used in the treatment of ALK-dependent NSCLC. Due to the drug resistance of first generation ALK inhibitors, researchers are trying to design and synthesize novel ALK inhibitors with various heterocyclic rings in which 2,4- diarylaminopyrimidine derivatives with a specific N-(3-pyridinylmethyl)urea moiety, 2-amino-4-(1-piperidine) pyridine derivatives, 7-azaindole and carboxamide derivatives and some others produced potential compounds. To overcome drug resistance, to get better affinity and to reduce drug toxicity, there is an urgent need for novel ALK inhibitors. The present review describes the ALK signaling, their inhibitors and related structure activity relationships for the development of potential ALK inhibitors.",1,-1,0,The paper mentions colorectal cancer as one of the cancers associated with ALK signaling.,The paper does not specifically examine the use or sensitivity of Crizotinib as a main treatment in patients.,The paper does not describe the effect of Crizotinib treatment on patients or outcomes.
33895750,Oncology research and treatment,2021,,,"Curative, Organ-Sparing, Multimodal, Perioperative Treatment of a Young Patient with a Rectoanal Inflammatory Myofibroblastic Tumor.","Case Reports, Journal Article","Patrick Schöffski, Sara Vander Borght, Isabelle Vanden Bempt, Sander Jentjens, Vincent Vandecaveye, Raf Sciot, Gert De Hertogh, Melissa Christiaens, Albert Wolthuis","We report the case of a young female patient with a technically resectable, nonmetastatic, rectoanal, anaplastic lymphoma kinase gene (ALK)-translocated inflammatory myofibroblastic tumor (IMFT).
The patient was successfully treated preoperatively with the tyrosine kinase inhibitor (TKI) crizotinib, to downsize the primary tumor, followed by sphincter-sparing surgery, and adjuvant radiotherapy and crizotinib. She is now in follow-up with good sphincter function and with no evidence of active disease.
Pre- and postoperative treatment administration of crizotinib can be given with curative intent to patients with locally advanced, nonmetastatic IMFTs to avoid mutilating surgery.",-1,1,1,"The paper discusses a patient with an inflammatory myofibroblastic tumor (IMFT), not colorectal cancer.",The paper examines the use of crizotinib as part of the treatment regimen.,The paper describes the effect of crizotinib treatment in downsizing the tumor and enabling sphincter-sparing surgery.
28886275,Cancer biology & therapy,2017,Sep,02,Preclinical rationale for combination of crizotinib with mitomycin C for the treatment of advanced colorectal cancer.,Journal Article,"Avital Lev, Safoora Deihimi, Elena Shagisultanova, Joanne Xiu, Amriti R Lulla, David T Dicker, Wafik S El-Deiry","Colorectal cancer (CRC) is a leading cause of cancer-related deaths in the United States. We analyzed 26 MSI-High and 558 non-MSI-High CRC tumors. BRCA2 mutations were highly enriched (50%) in MSI-High CRC. Immunohistochemistry showed that BRCA2-mutated MSI-High CRC had high c-MET (64%) expression compared with BRCA-WT (17%). We hypothesized a mechanistic link between BRCA2-deficiency and c-MET overexpression and synergistic interaction between drugs that treat BRCA-deficient tumors (mitomycin C (MMC) or PARP inhibitors) and c-MET inhibitors (crizotinib). We tested CRC cell lines for sensitivity to MMC plus crizotinib or other drug combinations including PARP-inhibitors. Combined treatment of tumor cells with crizotinib and MMC led to increased apoptosis as compared with each drug alone. Additionally, combination treatment with increasing concentrations of both drugs demonstrated a synergistic anti-cancer effect (CI = 0.006-0.74). However, we found no evidence for c-MET upregulation upon effective BRCA2 knockdown in tumor cells -/+DNA damage. Although we found no mechanistic link between BRCA2 deficiency and c-MET overexpression, c-MET is frequently overexpressed in CRC and BRCA2 is mutated especially in MSI-H CRC. The combination of crizotinib with MMC appeared synergistic regardless of MSI or BRCA2 status. Using an in-vivo CRC xenograft model we found reduced tumor growth with combined crizotinib and MMC therapy (p = 0.0088). Our preclinical results support clinical testing of the combination of MMC and crizotinib in advanced CRC. Targeting cell survival mediated by c-MET in combination with targeting DNA repair may be a reasonable strategy for therapy development in CRC or other cancers.",1,1,1,The study focuses on colorectal cancer (CRC) as the patient population.,The study examines the use and sensitivity of crizotinib in combination with mitomycin C in CRC cell lines and xenograft models.,"The study describes the effect of crizotinib treatment, including its synergistic anti-cancer effect when combined with mitomycin C."
32245659,Asian journal of surgery,2020,Aug,,Sigmoid epithelioid inflammatory myofibroblastic sarcoma with high white blood cell count: A case report.,"Case Reports, Letter","Dongning Liu, Rui Luo, Hechun Tang, Taiyuan Li",,-1,-1,-1,"The paper discusses a case of sigmoid epithelioid inflammatory myofibroblastic sarcoma, not colorectal cancer.",The paper does not mention the use or sensitivity of Crizotinib as a main treatment.,The paper does not describe the effect of Crizotinib treatment.
34101765,PloS one,2021,,,A new method for the study of biophysical and morphological parameters in 3D cell cultures: Evaluation in LoVo spheroids treated with crizotinib.,"Evaluation Study, Journal Article, Research Support, Non-U.S. Gov't","Azzurra Sargenti, Francesco Musmeci, Carola Cavallo, Martina Mazzeschi, Simone Bonetti, Simone Pasqua, Francesco Bacchi, Giuseppe Filardo, Daniele Gazzola, Mattia Lauriola, Spartaco Santi","Three-dimensional (3D) culture systems like tumor spheroids represent useful in vitro models for drug screening and more broadly for cancer biology research, but the generation of uniform populations of spheroids remains challenging. The possibility to properly characterize spheroid properties would increase the reliability of these models. To address this issue different analysis were combined: i) a new device and relative analytical method for the accurate, simultaneous, and rapid measurement of mass density, weight, and size of spheroids, ii) confocal imaging, and iii) protein quantification, in a clinically relevant 3D model. The LoVo colon cancer cell line forming spheroids, treated with crizotinib (CZB) an ATP-competitive small-molecule inhibitor of the receptor tyrosine kinases, was employed to study and assess the correlation between biophysical and morphological parameters in both live and fixed cells. The new fluidic-based measurements allowed a robust phenotypical characterization of the spheroids structure, offering insights on the spheroids bulk and an accurate measurement of the tumor density. This analysis helps overcome the technical limits of the imaging that hardly penetrates the thickness of 3D structures. Accordingly, we were able to document that CZB treatment has an impact on mass density, which represents a key marker characterizing cancer cell treatment. Spheroid culture is the ultimate technology in drug discovery and the adoption of such precise measurement of the tumor characteristics can represent a key step forward for the accurate testing of treatment's potential in 3D in vitro models.",1,1,1,"The study involves LoVo colon cancer cells, which are derived from colorectal cancer.",The study examines the use of Crizotinib (CZB) in treating spheroids formed by LoVo colon cancer cells.,The study describes the effect of Crizotinib treatment on mass density and spheroid structure.
41268440,Frontiers in pharmacology,2025,,,Case Report: HGF and NF1 mutations as putative bypass mechanisms of MET inhibitor resistance in hepatocellular carcinoma: a case study.,"Case Reports, Journal Article","Zhitao Chen, Shan Luo, Yangjun Gu, Qiyong Li","Hepatocellular carcinoma (HCC) is a highly aggressive liver cancer with poor prognosis, often associated with resistance to treatment. MET amplification has been identified as a potential therapeutic target, but resistance to MET inhibitors, such as crizotinib, remains a significant challenge. This study aims to explore the molecular mechanisms underlying resistance to MET inhibitors in MET-amplified HCC.
We present a case of advanced HCC in a patient with MET amplification treated with crizotinib. After initial tumor regression, disease progression occurred. Genetic analysis using next-generation sequencing (NGS) was performed on biopsy samples taken before and after progression to identify mutations associated with resistance.
NGS revealed the loss of MET amplification and identified HGF and NF1 mutations as potential bypass mechanisms. Specifically, a missense mutation in HGF (p.G401A) was observed, which may enhance ligand-receptor binding, while an NF1 mutation (p.M546L) may permit sustained MAPK and PI3K activation despite MET inhibition. These observations are preliminary and require validation in larger patient cohorts.
Our findings suggest that acquired resistance to MET inhibitors in MET-amplified HCC may involve clonal evolution and activation of compensatory signaling pathways. These insights highlight the need for dynamic molecular surveillance and the development of strategies targeting multiple pathways to overcome resistance and improve patient outcomes.",-1,1,1,"The study focuses on hepatocellular carcinoma (HCC), not colorectal cancer.",The study examines the use of crizotinib in a patient with MET-amplified HCC.,"The study describes the effect of crizotinib treatment, including initial tumor regression and subsequent disease progression."
41213063,"Journal of environmental pathology, toxicology and oncology : official organ of the International Society for Environmental Toxicology and Cancer",2025,,,Radiotherapy-Related Autophagy Genes Predict Prognosis and Reveal Immunoscape Features and Immunotherapeutic Agents in Colorectal Cancer Patients.,Journal Article,"Mao Mao, Yichao Zhuang, Yan Chen","Numerous genes have been associated with colorectal cancer (CRC) treatment in prior studies, but the impact of radiotherapy-related autophagy genes (RRAGs) on CRC remains largely unexplored. The Cancer Genome Atlas (TCGA) and Gene Expression Omnibus (GEO) databases were implemented to screen out RRAGs significantly associated with survival, and a prognostic model was constructed. Samples were categorized into high- and low-risk groups with median riskscore. Immunomicroenvironment analysis, immunotherapy response prediction, enrichment analysis, tumor mutation analysis and drug prediction were performed in risk groups. Expression of signature genes in CRC cells was examined using quantitative reverse transcription polymerase chain reaction (qRT-PCR). There were 10 CRC-related RRAGs found. Prognostic models were built with RRAGs. Based on immune infiltration analysis, low-risk populations showed significantly greater levels of immune infiltration (P P ARHGEF17 mutation rate was 6%. Medications such as CGP-082996, Dasatinib, Erlotinib, and Salubrinal were more sensitive to high-risk group, whereas drugs such as FTI-277, DMOG, and Crizotinib were more sensitive to low-risk group. UGT1A6 and IRGM were significantly upregulated in tumor group as revealed by qRT-PCR. This study constructed a new prognostic model for CRC patients based on RRAGs, and a series of analysis results is conducive to providing more theoretical references and new insights into precision treatment of CRC patients.",1,1,0,The study explicitly focuses on patients with colorectal cancer.,The study mentions that Crizotinib is more sensitive to the low-risk group.,"The study does not describe the effect of Crizotinib treatment on patients, only its sensitivity in a risk group."
28903995,Journal of clinical pathology,2017,Dec,,ROS1 [corrected].,"Journal Article, Review","Prodipto Pal, Zanobia Khan","ROS1 is a receptor tyrosine kinase that has recently been shown to undergo gene rearrangements in~1%-2% of non-small cell lung carcinoma (NSCLC) and in a variety of other tumours including cholangiocarcinoma, gastric carcinoma, colorectal carcinoma and in spitzoid neoplasms, glioblastoma and inflammatory myofibroblastic tumours. The ROS1 gene fusion undergoes constitutive activation, regulates cellular proliferation and is implicated in carcinogenesis. ROS1 fusions can be detected by fluorescence in situ hybridisation, real-time PCR, sequencing-based techniques and immunohistochemistry-based methods in clinical laboratories. The small molecule tyrosine kinase inhibitor, crizotinib has been shown to be an effective inhibitor of ROS1 and has received Food and Drug Administration approval for treatment of advanced NSCLC. The current review is an update on the clinical findings and detection methods of ROS1 in clinical laboratories in NSCLC and other tumours.",1,-1,0,The paper mentions colorectal carcinoma as one of the tumours where ROS1 gene rearrangements occur.,The paper discusses crizotinib as a treatment for NSCLC but does not examine its use or sensitivity as a main treatment in colorectal cancer.,The paper does not specifically describe the effect of crizotinib treatment in patients with colorectal cancer.
37686423,International journal of molecular sciences,2023,Sep,03,Targeted Therapy for Cancers: From Ongoing Clinical Trials to FDA-Approved Drugs.,"Journal Article, Review","Ha Yeong Choi, Ji-Eun Chang","The development of targeted therapies has revolutionized cancer treatment, offering improved efficacy with reduced side effects compared with traditional chemotherapy. This review highlights the current landscape of targeted therapy in lung cancer, colorectal cancer, and prostate cancer, focusing on key molecular targets. Moreover, it aligns with US Food and Drug Administration (FDA)-approved drugs and drug candidates. In lung cancer, mutations in the epidermal growth factor receptor (EGFR) and anaplastic lymphoma kinase (ALK) gene rearrangements have emerged as significant targets. FDA-approved drugs like osimertinib and crizotinib specifically inhibit these aberrant pathways, providing remarkable benefits in patients with EGFR-mutated or ALK-positive lung cancer. Colorectal cancer treatment has been shaped by targeting the vascular endothelial growth factor (VEGF) and EGFR. Bevacizumab and cetuximab are prominent FDA-approved agents that hinder VEGF and EGFR signaling, significantly enhancing outcomes in metastatic colorectal cancer patients. In prostate cancer, androgen receptor (AR) targeting is pivotal. Drugs like enzalutamide, apalutamide, and darolutamide effectively inhibit AR signaling, demonstrating efficacy in castration-resistant prostate cancer. This review further highlights promising targets like mesenchymal-epithelial transition (MET), ROS1, BRAF, and poly(ADP-ribose) polymeras (PARP) in specific cancer subsets, along with ongoing clinical trials that continue to shape the future of targeted therapy.",1,1,0,The paper explicitly mentions colorectal cancer as one of the cancer types discussed.,"The paper mentions crizotinib as an FDA-approved drug used in lung cancer, but does not explicitly state its use in colorectal cancer.",The paper does not provide specific information on the effect of crizotinib treatment in colorectal cancer patients.
